url,label
https://google.com,0
https://gmail.com,0
https://youtube.com,0
https://drive.google.com,0
https://docs.google.com,0
https://maps.google.com,0
https://github.com,0
https://gitlab.com,0
https://bitbucket.org,0
https://microsoft.com,0
https://office.com,0
https://outlook.com,0
https://teams.microsoft.com,0
https://azure.microsoft.com,0
https://xbox.com,0
https://apple.com,0
https://icloud.com,0
https://developer.apple.com,0
https://support.apple.com,0
https://store.apple.com,0
https://amazon.com,0
https://aws.amazon.com,0
https://prime.amazon.com,0
https://facebook.com,0
https://instagram.com,0
https://whatsapp.com,0
https://messenger.com,0
https://meta.com,0
https://twitter.com,0
https://x.com,0
https://linkedin.com,0
https://reddit.com,0
https://pinterest.com,0
https://tumblr.com,0
https://tiktok.com,0
https://snapchat.com,0
https://discord.com,0
https://twitch.tv,0
https://spotify.com,0
https://netflix.com,0
https://hulu.com,0
https://disneyplus.com,0
https://primevideo.com,0
https://youtube.com/watch,0
https://vimeo.com,0
https://paypal.com,0
https://stripe.com,0
https://squareup.com,0
https://chase.com,0
https://bankofamerica.com,0
https://wellsfargo.com,0
https://citibank.com,0
https://hsbc.com,0
https://barclays.co.uk,0
https://goldmansachs.com,0
https://morganstanley.com,0
https://fidelity.com,0
https://schwab.com,0
https://vanguard.com,0
https://robinhood.com,0
https://coinbase.com,0
https://binance.com,0
https://kraken.com,0
https://americanexpress.com,0
https://discover.com,0
https://capitalone.com,0
https://ebay.com,0
https://etsy.com,0
https://walmart.com,0
https://target.com,0
https://bestbuy.com,0
https://costco.com,0
https://homedepot.com,0
https://lowes.com,0
https://ikea.com,0
https://shopify.com,0
https://aliexpress.com,0
https://wish.com,0
https://newegg.com,0
https://wayfair.com,0
https://chewy.com,0
https://booking.com,0
https://airbnb.com,0
https://expedia.com,0
https://tripadvisor.com,0
https://hotels.com,0
https://kayak.com,0
https://skyscanner.com,0
https://united.com,0
https://delta.com,0
https://southwest.com,0
https://uber.com,0
https://lyft.com,0
https://nytimes.com,0
https://bbc.com,0
https://cnn.com,0
https://reuters.com,0
https://theguardian.com,0
https://forbes.com,0
https://bloomberg.com,0
https://wsj.com,0
https://washingtonpost.com,0
https://techcrunch.com,0
https://wired.com,0
https://theverge.com,0
https://arstechnica.com,0
https://engadget.com,0
https://zdnet.com,0
https://harvard.edu,0
https://mit.edu,0
https://stanford.edu,0
https://coursera.org,0
https://udemy.com,0
https://edx.org,0
https://khanacademy.org,0
https://duolingo.com,0
https://quizlet.com,0
https://wikipedia.org,0
https://britannica.com,0
https://scholar.google.com,0
https://researchgate.net,0
https://academia.edu,0
https://jstor.org,0
https://nasa.gov,0
https://nih.gov,0
https://cdc.gov,0
https://fbi.gov,0
https://irs.gov,0
https://usa.gov,0
https://who.int,0
https://un.org,0
https://worldbank.org,0
https://medicare.gov,0
https://socialsecurity.gov,0
https://mayoclinic.org,0
https://webmd.com,0
https://healthline.com,0
https://stackoverflow.com,0
https://medium.com,0
https://quora.com,0
https://slack.com,0
https://zoom.us,0
https://notion.so,0
https://figma.com,0
https://canva.com,0
https://adobe.com,0
https://dropbox.com,0
https://box.com,0
https://cloudflare.com,0
https://digitalocean.com,0
https://heroku.com,0
https://vercel.com,0
https://netlify.com,0
https://wordpress.com,0
https://wix.com,0
https://squarespace.com,0
https://godaddy.com,0
https://namecheap.com,0
https://irctc.co.in,0
https://sbi.co.in,0
https://hdfcbank.com,0
https://icicibank.com,0
https://axisbank.com,0
https://paytm.com,0
https://phonepe.com,0
https://gpay.com,0
https://flipkart.com,0
https://myntra.com,0
https://zomato.com,0
https://swiggy.com,0
https://ola.com,0
https://makemytrip.com,0
https://indiamart.com,0
https://naukri.com,0
https://linkedin.com/in,0
https://timesofindia.com,0
https://ndtv.com,0
https://thehindu.com,0
http://paypal-login-secure.xyz,1
http://paypal.com.login.verify.xyz,1
http://paypal-account-verify.tk,1
http://secure-paypal-login.ml,1
http://paypal-update-billing.ga,1
http://login.paypa1.com,1
http://paypa1-secure.com,1
http://paypai-login.xyz,1
http://amazon-deals-free.ga,1
http://amaz0n-verify.com,1
http://amazon.com.fake-login.tk,1
http://amazon-prime-free.xyz,1
http://amazon-account-verify.net.phish.tk,1
http://amazon-gift-card-winner.ml,1
http://am4zon-secure.com,1
http://amazonn-login.ga,1
http://g00gle-security.tk,1
http://google.com.security-alert.xyz,1
http://googIe-verify.com,1
http://google-account-suspended.ml,1
http://googlesecurity-alert.ga,1
http://google-prize-winner.tk,1
http://appleid.apple.com.verify.ml,1
http://apple.com.id.verify.tk,1
http://apple-id-locked.com.verify.ml,1
http://applesupp0rt.com,1
http://apple-security-alert.xyz,1
http://icloud-verify.tk,1
http://microsoft-alert-virus.tk,1
http://microsoft-refund.ml,1
http://microsoft-account-blocked.ml,1
http://micros0ft-security.ga,1
http://microsoft-prize-winner.xyz,1
http://microsoft365-verify.tk,1
http://faceb00k-login.xyz,1
http://login-facebook-verify.com,1
http://facebook-account-disabled.ga,1
http://instagram-verify-account.xyz,1
http://facebook-prize-winner.tk,1
http://instagram-followers-free.ml,1
http://bank-secure-login.xyz,1
http://chase.com.secure.login.xyz,1
http://bankofamerica.com.verify.tk,1
http://wellsfargo-secure.ml,1
http://sbi-netbanking-verify.ga,1
http://hdfc-secure-login.xyz,1
http://icici-bank-alert.tk,1
http://axis-bank-verify.ml,1
http://irs-tax-refund-claim.ga,1
http://irs.gov.refund.claim.ga,1
http://covid-relief-fund.xyz,1
http://government-stimulus-claim.tk,1
http://irs-refund-2024.ml,1
http://social-security-verify.ga,1
http://free-iphone-winner.tk,1
http://win-prize-click-here.ml,1
http://lottery-winner-claim.xyz,1
http://claim-your-reward-now.ml,1
http://free-robux-generator.tk,1
http://free-gift-card-winner.ga,1
http://congratulations-winner.xyz,1
http://you-won-iphone15.tk,1
http://amazon-gift-winner-2024.ml,1
http://spin-wheel-win-prize.ga,1
http://crypto-investment-profit.tk,1
http://bitcoin-generator-free.ml,1
http://forex-trading-profit.ga,1
http://crypto-doubler-profit.xyz,1
http://bitcoin-mining-free.tk,1
http://ethereum-giveaway.ml,1
http://elon-crypto-giveaway.ga,1
http://nft-free-mint.xyz,1
http://microsoft-support-alert.tk,1
http://apple-support-call.ml,1
http://google-support-verify.ga,1
http://amazon-support-refund.xyz,1
http://tech-support-virus-alert.tk,1
http://pc-virus-detected.ml,1
http://your-account-hacked.ga,1
http://emergency-bank-alert.xyz,1
http://account-suspended-fix.tk,1
http://verify-account-now.ga,1
http://urgent-bank-update.xyz,1
http://your-password-expired.ga,1
http://immediate-action-required.xyz,1
http://login-attempt-detected.tk,1
http://unusual-activity-found.ml,1
http://security-update-required.ml,1
http://your-card-suspended.ga,1
http://account-verification-needed.tk,1
http://password-reset-required.xyz,1
http://confirm-identity-now.tk,1
http://suspended-account-fix.ml,1
http://verify-paypal-account.ga,1
http://work-from-home-profit.ga,1
http://make-money-fast.xyz,1
http://earn-1000-per-day.tk,1
http://online-job-apply-now.ml,1
http://data-entry-job-free.ga,1
http://work-at-home-easy-money.xyz,1
http://192.168.1.1/bank/login,1
http://10.0.0.1/paypal/login,1
http://172.16.0.1/amazon/verify,1
http://192.168.0.1/apple/id,1
http://netfl1x-update.ga,1
http://spotify-free-premium.tk,1
http://netflix-free-month.tk,1
http://netflix.com.billing.update.xyz,1
http://spotify.com.premium.free.tk,1
http://uber-promo-free-rides.tk,1
http://airbnb-free-stay.ml,1
http://booking-com-deals.ga,1
http://paytm-kyc-verify.xyz,1
http://phonepe-cashback-win.tk,1
http://sbi-online-alert.ml,1
http://irctc-ticket-refund.ga,1
http://flipkart-prize-winner.xyz,1
http://amazon-india-free.tk,1
http://www.dbanks.vercel.app/,1
http://forkandtablemag.com/s/63BZGFSVBWSFCDX7Y9/584dd8/90eab167-7429-489f-99f6-ce86e8d0d81a,1
https://www.robiox.com.py/games/131209172978121/AUSSIE-TAH-GAME?privateServerLinkCode=408786455077471745884311355671,1
http://roblox.net.pk/games/6872265039/BedWars-Hyper-Kits-LTM?privateServerLinkCode=93447564428893631731284256216997,1
https://www.roblox.re/users/601196459/profile,1
https://www.robiox.com.py/users/332207256884/profile,1
http://bkmr.verifytoken.com/s/63BZGFSVBWSFCDX7Y9/584dd8/90eab167-7429-489f-99f6-ce86e8d0d81a,1
https://portalatualizacao.praxisgeltda.com/port/access_798a241d8f962bc10b38ca9dac2ce1e25dcca08bf1d6ea6dcfb10e2f77dc266c/kZFrfIHFP4oFHHrO9xr/kZFrfIHFP4oFHHrO9xrOCEwZdJ3ZM81GN/,1
https://www.robiox.com.py/users/242580187101/profile,1
http://dana.4waes.xyz/daaawepd/3314988882603407845150c0d9,1
https://www.robiox.com.py/users/308676955131/profile,1
https://account.ads-program-agency.com/,1
https://roblox.net.pk/games/109983668079237/Steal-a-Brainrot?privateServerLinkCode=04080319816982537738182349224808,1
https://store.communitychartstyle.co/workshop/AK47-EternalDecay/,1
https://pancake-frontend-delta.vercel.app/collectibles,1
https://pancake-frontend-delta.vercel.app/teams,1
https://pancake-frontend-delta.vercel.app/prediction,1
https://pancake-frontend-delta.vercel.app/farms,1
https://pancake-frontend-delta.vercel.app/pools,1
https://pancake-frontend-delta.vercel.app/syrup,1
https://pancake-frontend-delta.vercel.app/lottery,1
https://pancake-frontend-delta.vercel.app/competition,1
https://pancake-frontend-delta.vercel.app/profile/tasks,1
https://www.kucoin-ic.top/,1
http://monogramline.com/RackCloud/Rackspace_Setupetail_02a3ca24795a_4137a23bfc72345102b2_TX_PR_b_16_5ProPlusX86.en_us_O365ProPlusRetail_02a3ca24795a_4137a23bfc72345102b2_TX_PR_b_16_5ProPlusRetail_02a3ca24795a_.html,1
http://itpatches.com/s/63BZGFSVBWSFCDX7Y9/584dd8/90eab167-7429-489f-99f6-ce86e8d0d81a,1
https://www.news.cistronixperu.com/rs3/login.php,1
https://roblox.com.ge/games/5800872719/diego?privateServerLinkCode=27531147625849572528159161791193,1
https://jsjsksksks.pages.dev/error.html/,1
http://roblox.net.pk/games/17625359962/RIVALS?privateServerLinkCode=67870620733373120124967197343512,1
http://upholed_logiinus.godaddysites.com/,1
https://roblox.com.ge/games/8737899170/Pet-Simulator-99?privateServerLinkCode=56388521015712320452686419128536,1
https://www.robiox.com.py/games/134530031329105/X67-SABMs-but-67-MODDEDS?privateServerLinkCode=238902745042142473828746572814,1
https://netflix-clone-beryl-three.vercel.app/,1
https://netflix-clone-alpha-nine.vercel.app/,1
https://netflix-clone-beige-ten.vercel.app/,1
https://netflix-clone-virid-three-13.vercel.app/,1
https://roblox.com.ge/communities/9318015054/,1
https://www.robiox.com.gr/games/2753915549/Blox-Fruits?privateServerLinkCode=22010312078316845847895521580678,1
https://www.robiox.com.py/users/256291858652/profile,1
http://ipfs.io/ipfs/bafybeiezxvv6npwon3xxyvjjajfmge6m7sap5qb6hylrrroddnqzf2niae,1
https://ni30kushwaha563.github.io/Netflix-Clone/,1
https://login.elephant-blue.org/,1
http://roblox.net.pk/games/16732694052/Fisch?privateServerLinkCode=02045847297865057975844010237894,1
http://www.facebookloginaccount.blogspot.com/?m=1,1
https://kiiicinn_logiin.godaddysites.com/,1
http://www.kiiicinn_logiin.godaddysites.com/,1
http://roblox.net.pk/users/7929089379/profile,1
https://www.netflixes.video/h5/,1
https://inc-icloud.support/,1
https://www.roblox.re/communities/5357844454/mariakardasi,1
https://microsoft.dropcloud.it/accountmicrosoft365/security/review-activity?rid=g3RoR3w,1
https://digital-pagamentos-padagio-freflow-oficial.xo.je/?i=1,1
http://login-kucoinin.webflow.io/,1
https://adarsh-cse11.github.io/,1
https://wetoto.appwrite.network/,1
https://www.applying-verification-for-service-on-request.vercel.app/,1
http://kingproehl.verifytoken.com/s/63BZGFSVBWSFCDX7Y9/584dd8/90eab167-7429-489f-99f6-ce86e8d0d81a,1
https://www.robiox.com.py/users/208621662734/profile,1
https://numm-omega.vercel.app/,1
http://mailbox.319447.com/s/63BZGFSVBWSFCDX7Y9/584dd8/90eab167-7429-489f-99f6-ce86e8d0d81a,1
https://www.robiox.com.py/games/3260590327/NEW-YEARS-Tower-Defense-Simulator?privateServerLinkCode=222556528613315479031952417135,1
https://ipfs.io/ipfs/bafybeifurvzyz7orpnyhrtb4dkscblw2q4i7qrolqtdjxjbxyuykfanoju/,1
http://help--ledgerlivelad.webflow.io/,1
http://ernational.com/?t=16a13d8cbeec55ba3c7be6656ecc54c5,1
http://ernational.com/fr/les-services/les-formations/decouvrir-les-incoterms-2020.html,1
https://ernational.com/fr/les-services/les-formations/introduction-au-credit-documentaire-export.html,1
https://easybank-landing-page-pearl.vercel.app/,1
http://www.easybank-landing-page-pearl.vercel.app/,1
http://lottoapp.verifytoken.com/s/63BZGFSVBWSFCDX7Y9/584dd8/90eab167-7429-489f-99f6-ce86e8d0d81a,1
http://www.instagram-clone-sigma-seven.vercel.app/,1
http://usmatamesk_log5.godaddysites.com/,1
https://my-ledgr-live-us.pages.dev/,1
http://www.logi-maitamusk.godaddysites.com/,1
http://kuocoinlogn.webflow.io/,1
https://amazon-clone-eta-one.vercel.app/,1
http://www.amazon-clone-eta-one.vercel.app/,1
http://web-tech-netflex.vercel.app/,1
https://ayushmali2008.github.io/AMAZONE-CLONE/,1
https://bellsouth-att-siging-693f63.webflow.io/,1
http://www.is.gd/EOsTet/,1
http://gemninlogine.webflow.io/,1
http://uphooldloggi.godaddysites.com/,1
http://potral--ndex--login.webflow.io/,1
https://hair-salon-chura.com/te/george.html?eta=3mail@a.b.c0,1
https://sateliteapple.support/expire/?5,1
https://sateliteapple.support/,1
http://indianews.me/s/63BZGFSVBWSFCDX7Y9/584dd8/90eab167-7429-489f-99f6-ce86e8d0d81a,1
https://roblox.cd/users/8591645773/profile,1
http://joserrago.789greeting.com/s/63BZGFSVBWSFCDX7Y9/584dd8/90eab167-7429-489f-99f6-ce86e8d0d81a,1
http://airbnb-1869ae.webflow.io/,1
https://vermadurgesh991.github.io/amazon-clone/,1
http://dana1-indo.layananid.biz.id/,1
https://www.robiox.com.py/games/108533757090220/Garden-Tower-Defense?privateServerLinkCode=640451230442912430784881563840,1
https://onlineicloud.support/expire/?5,1
https://onlineicloud.support/,1
https://icloudrastreio.live/expire/?5,1
https://icloudrastreio.live/,1
http://kucooienleginnss.godaddysites.com/,1
http://kukinlugon.webflow.io/,1
http://fipsparcel.com/s/63BZGFSVBWSFCDX7Y9/584dd8/90eab167-7429-489f-99f6-ce86e8d0d81a,1
https://roblox.com.py/users/138990910/profile,1
http://login-netcoin-ca.webflow.io/,1
https://shalini31102.github.io/netflix-clone-frontend/,1
https://suryaenders.github.io/Netflix-Clone/,1
https://roblox.com.ge/games/735030788/RoyaleHigh-Ballroom?privateServerLinkCode=71626331139890382316103725393885,1
https://roblox.com.py/users/7355825186/profile,1
https://roblox.com.py/communities/3257277946/,1
http://home-btimart--web.webflow.io/,1
http://netcoinslogi-shop.webflow.io/,1
http://husseinelmasri.github.io/Microsoft-Clone,1
https://roblox.com.ge/communities/1773301083/,1
http://webinquiry.courts.verifytoken.com/s/63BZGFSVBWSFCDX7Y9/584dd8/90eab167-7429-489f-99f6-ce86e8d0d81a,1
http://coensqureulogin.webflow.io/,1
http://facebook-login-page-clone-gamma.vercel.app/,1
http://hr-rewards.com/s/63BZGFSVBWSFCDX7Y9/584dd8/90eab167-7429-489f-99f6-ce86e8d0d81a,1
https://himani2484.github.io/amazon_clone/,1
https://basav-ch.github.io/ecommerce-clone/,1
https://roblox.com.ly/communities/9381660007/,1
http://blackfe_loginn.godaddysites.com/,1
http://koucoinlogncom.godaddysites.com/,1
http://website-dana.layananid.biz.id/,1
http://phiscientificholdings.com/s/63BZGFSVBWSFCDX7Y9/584dd8/90eab167-7429-489f-99f6-ce86e8d0d81a,1
http://mdiaadia.verifytoken.com/s/63BZGFSVBWSFCDX7Y9/584dd8/90eab167-7429-489f-99f6-ce86e8d0d81a,1
http://careerpost.us/s/63BZGFSVBWSFCDX7Y9/584dd8/90eab167-7429-489f-99f6-ce86e8d0d81a,1
https://cn.lumxza.com/?code=56846,1
http://www.gemuilgeefn.godaddysites.com/,1
http://financing-banks.com/s/63BZGFSVBWSFCDX7Y9/584dd8/90eab167-7429-489f-99f6-ce86e8d0d81a,1
https://roblox.com.ge/users/9966992269/profile,1
https://app.kucoin-ic.top/,1
http://pawandholia.in/uiitra2/front/live/new%20hotmail.html,1
https://arch.vitronx.com/,1
http://www.easy-bank-alpha.vercel.app/,1
http://labjot98.github.io/Spotify-UI-clone,1
http://metabasklugivx_log.godaddysites.com/,1
https://bhavsarrenuka26.github.io/NetFlixUI/,1
http://ku_kucoin_logn-usa.godaddysites.com/,1
http://www.1111365zw.cc/,1
http://g90x.xyz/,1
http://trustweb.vercel.app/,1
https://geamnnilogiinnn.godaddysites.com/,1
http://www.geamnnilogiinnn.godaddysites.com/,1
https://roblox.com.py/users/4349999066/profile,1
https://www.robiox.com.py/users/342546674255/profile,1
http://www.hold-upixzee-lofin.godaddysites.com/,1
https://netflix-clone-omega-gules.vercel.app/,1
https://linkurl.pk/wF2TqKem,1
http://cukoienlogeuin.webflow.io/,1
https://manuelperujo.com/tabs/index.php?yem=3mail@a.b.c0,1
http://attoimcewallti.webflow.io/,1
https://joinevent.vygamers.id/verify.php,1
http://auth-bitmrt-m-us.webflow.io/,1
https://wenderson0919.github.io/netflix/,1
http://www.netflix-clone-green.vercel.app/,1
https://www.roblox.com.bn/games/131623223084840/Escape-Tsunami-For-Brainrots?privateServerLinkCode=80674271570847510930111301270272,1
http://member51.agency-partner-platform.com/,1
https://www.robiox.com.py/users/232610146785/profile,1
https://roblox.com.ge/games/17812058042/Very-dirty?privateServerLinkCode=59503397180471389350351663796083,1
https://olptyi.github.io/nb/face/?id=8553267554,1
https://www.robiox.com.py/users/225612695322/profile,1
https://www.robiox.com.py/games/121864768012064/UPD-Fish-It?privateServerLinkCode=511999485846284283514187701511,1
http://assets.789greeting.com/s/63BZGFSVBWSFCDX7Y9/584dd8/90eab167-7429-489f-99f6-ce86e8d0d81a,1
https://us-inloggupholld.godaddysites.com/,1
http://www.us-inloggupholld.godaddysites.com/,1
https://kardanservisba.sk/account/amazon/login.php,1
https://kardanservisba.sk/account/amazon,1
https://robiox.com.af/users/5715183558/profile,1
https://roblox.com.ge/users/8588983810/profile,1
https://roblox.com.ly/users/2114435430/profile,1
https://www.robiox.com.py/users/336577359105/profile,1
https://roblox.com.py/games/606849621/Winter-Jailbreak?privateServerLinkCode=44432266220462557030608610653506,1
http://suport-ledgerapp.webflow.io/,1
http://www.kkuiiicnn110giin.godaddysites.com/,1
http://careplan.agency-partner-manage.com/,1
http://web-ledger-live-log-authh.webflow.io/,1
https://linkurl.pk/zzxXG4xp,1
http://login.albertagamingliquor.ca/,1
http://kuickoenlogmxc.godaddysites.com/,1
http://blog.discontcomputers.com/s/63BZGFSVBWSFCDX7Y9/584dd8/90eab167-7429-489f-99f6-ce86e8d0d81a,1
http://kubcoinlogin.webflow.io/,1
http://www.j0ckk2pj-itrust-com.vercel.app/,1
http://geminikey.zeabur.app/,1
http://uphwlde-logic.godaddysites.com/,1
http://www.kr-flame.vercel.app/,1
http://payment.ads-program-agency.com/,1
http://livrospralerereler.verifytoken.com/s/63BZGFSVBWSFCDX7Y9/584dd8/90eab167-7429-489f-99f6-ce86e8d0d81a,1
http://allhrgroup.com/s/63BZGFSVBWSFCDX7Y9/584dd8/90eab167-7429-489f-99f6-ce86e8d0d81a,1
http://soymptmslrsmbstaging.us.divertido.juegos/s/63BZGFSVBWSFCDX7Y9/584dd8/90eab167-7429-489f-99f6-ce86e8d0d81a,1
http://culiacan.verifytoken.com/s/63BZGFSVBWSFCDX7Y9/584dd8/90eab167-7429-489f-99f6-ce86e8d0d81a,1
http://www.easybank-landing-page-master-lime.vercel.app/,1
http://www.netflix-clone-omega-nine.vercel.app/,1
http://www.to.lk/dvcTRt,1
http://http-xingcaisports.com/login/html,1
http://pydnax.dyxe.biz.id/,1
http://app.federalnewsmagazine.com/s/63BZGFSVBWSFCDX7Y9/584dd8/90eab167-7429-489f-99f6-ce86e8d0d81a,1
http://mailsrv.itupdates.support/s/63BZGFSVBWSFCDX7Y9/584dd8/90eab167-7429-489f-99f6-ce86e8d0d81a,1
https://www.roblox.re/users/5685697100/profile,1
http://flhsmv.vkipg.life/dmv/,1
http://www.roblox.re/users/9061666433/profile/,1
https://westernunionsf.ricohtrac.com/,1
https://credmaisvocesempre.s3.us-east-005.backblazeb2.com/aumento.html,1
http://verifypass.pw/s/63BZGFSVBWSFCDX7Y9/584dd8/90eab167-7429-489f-99f6-ce86e8d0d81a,1
https://linkurl.pk/KN4mbaV-,1
http://member40.agency-partner-platform.com/,1
http://member38.agency-partner-platform.com/,1
http://kucoinzloguin.webflow.io/,1
http://premiumisp.net/s/63BZGFSVBWSFCDX7Y9/584dd8/90eab167-7429-489f-99f6-ce86e8d0d81a,1
http://awazzuzon.co/,1
https://forsale.dynadot.com/hxhbet.com?drefid=2071,1
http://blockchain-logiin.webflow.io/,1
http://cnsqarrlognn.webflow.io/,1
https://sso-robinhood-com---cdn-auths.webflow.io/,1
https://pritigoala.github.io/amazon-clone/,1
https://roblox.com.py/communities/1215231375/,1
https://roblox.com.ly/users/306177933/profile,1
https://roblox.com.ge/games/85633498848657/Content-Deleted?privateServerLinkCode=79946006539175562469596173246861,1
https://gov.com-ztdhd.top/uk,1
http://txdmv.fxibp.life/pay/b_info.html,1
http://terms.webaccess-alert.com/s/63BZGFSVBWSFCDX7Y9/584dd8/90eab167-7429-489f-99f6-ce86e8d0d81a,1
http://www.f236x.xyz/,1
http://5dhf6.baollll2.cc/,1
https://sso-auths-bitmart-sso.webflow.io/,1
http://aniruddha470.github.io/Netflix-Clone,1
http://airbnb-clone-zeta-five.vercel.app/,1
https://verificar-pendencias.vercel.app/up1/index.html?name=Carine%252,1
https://kukonlgon.webflow.io/,1
https://kuciuinulogin.webflow.io/,1
http://ipfs.io/ipfs/QmYRjWt3CpeTic3xAB2qm8NZDSa28GHxmhDmaNREsbuaSm,1
https://kconnloggin.webflow.io/,1
https://sso--itrustycapitallog--sso-auth.webflow.io/,1
http://kvconnlogon.webflow.io/,1
http://admin.linkedover.com/s/63BZGFSVBWSFCDX7Y9/584dd8/90eab167-7429-489f-99f6-ce86e8d0d81a,1
http://ledgre--com-start--help.webflow.io/,1
http://ogasrunion.028426.com/s/63BZGFSVBWSFCDX7Y9/584dd8/90eab167-7429-489f-99f6-ce86e8d0d81a,1
http://meytamask-logiiees.godaddysites.com/,1
https://www.albertagamingliquor.ca/,1
https://www.rn-facebook.blogspot.com/,1
http://bet22.verifytoken.com/s/63BZGFSVBWSFCDX7Y9/584dd8/90eab167-7429-489f-99f6-ce86e8d0d81a,1
http://am.qekyrc.shop/,1
http://my-azure-bitmart-oauth-sso.webflow.io/,1
https://uuphuldlugin.godaddysites.com/,1
http://www.uuphuldlugin.godaddysites.com/,1
https://roblox.com.py/games/77747658251236/2x-Luck-Sailor-Piece?privateServerLinkCode=37426261988849586560906392108953,1
https://get-started-desktop.wixstudio.com/enus,1
https://io-started-treizr.wixstudio.com/start,1
http://blockfi--loginauth.webflow.io/,1
http://fismidyear.en.surveytime.com.sg/s/63BZGFSVBWSFCDX7Y9/584dd8/90eab167-7429-489f-99f6-ce86e8d0d81a,1
http://blockixclogin.godaddysites.com/,1
http://mottumask_usssa.godaddysites.com/,1
https://home-en-preview-bitmart.webflow.io/,1
https://www.robiox.com.ua/login?returnUrl=5785739071693437,1
https://learn-trezusuite.wixstudio.com/us-en,1
https://www.roblox.com.gl/games/77747658251236/Alter-Update-Sailor-Piece?privateServerLinkCode=162915134333285823715087617622,1
https://en-bridges.wixstudio.com/en-us,1
http://kazaamcasheroo.com/s/63BZGFSVBWSFCDX7Y9/584dd8/90eab167-7429-489f-99f6-ce86e8d0d81a,1
https://trezostartt.wixstudio.com/start,1
http://hr-organization.com/s/63BZGFSVBWSFCDX7Y9/584dd8/90eab167-7429-489f-99f6-ce86e8d0d81a,1
http://trans-shemale-forum.verifytoken.com/s/63BZGFSVBWSFCDX7Y9/584dd8/90eab167-7429-489f-99f6-ce86e8d0d81a,1
http://upyolodfe_xsnlonin.godaddysites.com/,1
http://galabet116o.com/,1
http://galabet2594.com/,1
http://travel-refund.com/s/63BZGFSVBWSFCDX7Y9/584dd8/90eab167-7429-489f-99f6-ce86e8d0d81a,1
https://site-ptpssooma.godaddysites.com/,1
http://www.site-ptpssooma.godaddysites.com/,1
http://ecards.pictures/s/63BZGFSVBWSFCDX7Y9/584dd8/90eab167-7429-489f-99f6-ce86e8d0d81a,1
https://www.roblox.re/users/6158965451/profile,1
http://www.coinbase-clone-silk.vercel.app/,1
https://mxapp46.com/,1
https://linkurl.pk/ct0DH5N-,1
https://d26hpdecvhwn5s.cloudfront.net/bank/zelle/,1
https://d26hpdecvhwn5s.cloudfront.net/auto-financing/feedback/,1
https://www.roblox.re/communities/3634098622/Giveaway,1
http://www.factorenergia.org/,1
http://webaccess-email.org/s/63BZGFSVBWSFCDX7Y9/584dd8/90eab167-7429-489f-99f6-ce86e8d0d81a,1
http://ndaxlogen.webflow.io/,1
http://printerhelpdesk.net/s/63BZGFSVBWSFCDX7Y9/584dd8/90eab167-7429-489f-99f6-ce86e8d0d81a,1
https://www.roblox.re/games/77747658251236/2x-Luck-Sailor-Piece?privateServerLinkCode=81173007907551924913126971609767,1
https://marketzyo.net/,1
https://zmexq.cn/zmyretff/,1
http://www.03e807c71c2041acb94821918bbf7651.gqlki.cn/,1
http://tecnologiaalgazul.verifytoken.com/s/63BZGFSVBWSFCDX7Y9/584dd8/90eab167-7429-489f-99f6-ce86e8d0d81a,1
https://www.netflix-kh-one.vercel.app/movie,1
https://belickchianileog.gitbook.io/,1
https://www.netflix-clone-psi-two.vercel.app/login,1
http://bvqqeahv3ctpms4e.mycorporate-rewards.com/s/63BZGFSVBWSFCDX7Y9/584dd8/90eab167-7429-489f-99f6-ce86e8d0d81a,1
https://wallet.elephant-blue.org/,1
http://api.free-antivir.us/s/63BZGFSVBWSFCDX7Y9/584dd8/90eab167-7429-489f-99f6-ce86e8d0d81a,1
https://myxk.qkfvsb.mom/6da9008f3dcc13326a2d9111/?5VI=TTo,1
https://tinyurl.com/kk8py9uv?5VI=TTo,1
https://zvqy.wrlsfy.mom/e81d854c6d77828e254b5626/?KAI=A7F,1
https://tinyurl.com/ye2b4rza?KAI=A7F,1
http://app.ecardalert.com/s/63BZGFSVBWSFCDX7Y9/584dd8/90eab167-7429-489f-99f6-ce86e8d0d81a,1
http://kulcoinlogin.webflow.io/,1
http://gaemiiniloginn.webflow.io/,1
https://easy-bank-landing-page-weblytic.vercel.app/,1
http://www.easy-bank-landing-page-weblytic.vercel.app/,1
http://demo.free-antivir.us/s/63BZGFSVBWSFCDX7Y9/584dd8/90eab167-7429-489f-99f6-ce86e8d0d81a,1
https://selfless1438-arch.github.io/Netflix-FrontEnd-Clone/,1
https://davinci126.github.io/netflix-clone-site/,1
https://prakashsahu14327-arch.github.io/Amazon-Clone/,1
